{
  "id": "woodcutting",
  "name": "Woodcutting",
  "icon": "/icons/skills/woodcutting.svg",
  "skillType": "idle",
  "maxLevel": 120,
  "actions": [
    {
      "id": "cut_regular",
      "name": "Cut Regular Wood",
      "requiredLevel": 1,
      "actionTime": 3000,
      "resource": "wooden_log",
      "xpGain": 10,
      "amountGain": 1,

      "rareDrops": [
        { "item": "bird_nest", "chance": 0.002 }
      ]
    },
    {
      "id": "cut_oak",
      "name": "Cut Oak Wood",
      "requiredLevel": 10,
      "actionTime": 3500,
      "resource": "oak_log",
      "xpGain": 25,
      "amountGain": 1,

      "rareDrops": [
        { "item": "bird_nest", "chance": 0.003 }
      ]
    },
    {
      "id": "cut_willow",
      "name": "Cut Willow Wood",
      "requiredLevel": 20,
      "actionTime": 4500,
      "resource": "willow_log",
      "xpGain": 40,
      "amountGain": 2,

      "rareDrops": [
        { "item": "bird_nest", "chance": 0.004 },
        { "item": "mystic_seed", "chance": 0.0005 }
      ]
    },
    {
      "id": "cut_maple",
      "name": "Cut Maple Wood",
      "requiredLevel": 40,
      "actionTime": 5000,
      "resource": "maple_log",
      "xpGain": 65,
      "amountGain": 2,

      "rareDrops": [
        { "item": "bird_nest", "chance": 0.005 },
        { "item": "mystic_seed", "chance": 0.001 }
      ]
    },
    {
      "id": "cut_yew",
      "name": "Cut Yew Wood",
      "requiredLevel": 60,
      "actionTime": 6500,
      "resource": "pine_log",
      "xpGain": 120,
      "amountGain": 2,

      "rareDrops": [
        { "item": "bird_nest", "chance": 0.008 },
        { "item": "mystic_seed", "chance": 0.002 }
      ]
    },
    {
      "id": "cut_magic",
      "name": "Cut Magic Wood",
      "requiredLevel": 75,
      "actionTime": 8000,
      "resource": "aspen_log",
      "xpGain": 200,
      "amountGain": 3,
      "rareDrops": [
        { "item": "magic_leaf", "chance": 0.01 },
        { "item": "ancient_seed", "chance": 0.0005 }
      ]
    }
  ]
}
